{
	"info": {
		"_postman_id": "736e258e-898a-438f-9290-5e4102716815",
		"name": "MlmBackend",
		"schema": "https://schema.getpostman.com/json/collection/v2.1.0/collection.json",
		"_exporter_id": "29807040"
	},
	"item": [
		{
			"name": "user",
			"item": [
				{
					"name": "register",
					"request": {
						"method": "POST",
						"header": [],
						"body": {
							"mode": "raw",
							"raw": "{\r\n    \"name\":\"swami\",\r\n    \"email\":\"ak7@gmail.com\",\r\n    \"password\":\"sdfsd23s\"\r\n}",
							"options": {
								"raw": {
									"language": "json"
								}
							}
						},
						"url": {
							"raw": "http://localhost:4000/api/v1/register",
							"protocol": "http",
							"host": [
								"localhost"
							],
							"port": "4000",
							"path": [
								"api",
								"v1",
								"register"
							]
						}
					},
					"response": []
				},
				{
					"name": "Login",
					"request": {
						"method": "POST",
						"header": [],
						"body": {
							"mode": "raw",
							"raw": "{\r\n   \"email\":\"ak7@gmail.com\",\r\n    \"password\":\"sdfsd23s\"\r\n}",
							"options": {
								"raw": {
									"language": "json"
								}
							}
						},
						"url": {
							"raw": "http://localhost:4000/api/v1/login",
							"protocol": "http",
							"host": [
								"localhost"
							],
							"port": "4000",
							"path": [
								"api",
								"v1",
								"login"
							]
						}
					},
					"response": []
				},
				{
					"name": "Logout user",
					"protocolProfileBehavior": {
						"disableBodyPruning": true
					},
					"request": {
						"method": "GET",
						"header": [],
						"body": {
							"mode": "raw",
							"raw": "{\r\n   \"email\":\"aK5@gmail.com\",\r\n    \"password\":\"sdfsd23s\"\r\n}",
							"options": {
								"raw": {
									"language": "json"
								}
							}
						},
						"url": {
							"raw": "http://localhost:4000/api/v1/logout",
							"protocol": "http",
							"host": [
								"localhost"
							],
							"port": "4000",
							"path": [
								"api",
								"v1",
								"logout"
							]
						}
					},
					"response": []
				},
				{
					"name": "getAllUsers(admin)",
					"protocolProfileBehavior": {
						"disableBodyPruning": true
					},
					"request": {
						"method": "GET",
						"header": [],
						"body": {
							"mode": "raw",
							"raw": "{\r\n    \"amount\":2000,\r\n    \"duration\":28\r\n}",
							"options": {
								"raw": {
									"language": "json"
								}
							}
						},
						"url": {
							"raw": "http://localhost:4000/api/v1/getAllUsers",
							"protocol": "http",
							"host": [
								"localhost"
							],
							"port": "4000",
							"path": [
								"api",
								"v1",
								"getAllUsers"
							]
						}
					},
					"response": []
				},
				{
					"name": "reset Password user",
					"request": {
						"method": "PUT",
						"header": [],
						"body": {
							"mode": "raw",
							"raw": "{\r\n    \"currentPassword\":\"\",\r\n    \"newPassword\":\"\"\r\n}",
							"options": {
								"raw": {
									"language": "json"
								}
							}
						},
						"url": {
							"raw": "http://localhost:4000/api/v1/password/reset",
							"protocol": "http",
							"host": [
								"localhost"
							],
							"port": "4000",
							"path": [
								"api",
								"v1",
								"password",
								"reset"
							]
						}
					},
					"response": []
				},
				{
					"name": "user profile update",
					"request": {
						"method": "PUT",
						"header": [],
						"body": {
							"mode": "raw",
							"raw": "{\r\n    \"name\":\"swami\",\r\n    \"email\":\"ak9@gmail.com\",\r\n    \"upiId\":\"9119136857@paytm\",\r\n    \"phone\":9024984547\r\n}",
							"options": {
								"raw": {
									"language": "json"
								}
							}
						},
						"url": {
							"raw": "http://localhost:4000/api/v1/user/update",
							"protocol": "http",
							"host": [
								"localhost"
							],
							"port": "4000",
							"path": [
								"api",
								"v1",
								"user",
								"update"
							]
						}
					},
					"response": []
				}
			]
		},
		{
			"name": "membership",
			"item": [
				{
					"name": "membership request",
					"request": {
						"method": "POST",
						"header": [],
						"body": {
							"mode": "raw",
							"raw": "{\r\n    \"transactionId\":\"skjdfhisfdsfdfjsld\",\r\n    \"upiId\":\"swami\",\r\n    \"product_id\":\"65915e74053af19ed8944f35\"\r\n    // \"parentReferralCode\": \"57awhwt07x7\"\r\n}",
							"options": {
								"raw": {
									"language": "json"
								}
							}
						},
						"url": {
							"raw": "http://localhost:4000/api/v1/memberdhip/request",
							"protocol": "http",
							"host": [
								"localhost"
							],
							"port": "4000",
							"path": [
								"api",
								"v1",
								"memberdhip",
								"request"
							]
						}
					},
					"response": []
				},
				{
					"name": "membership/approval(admin)",
					"request": {
						"method": "PUT",
						"header": [],
						"body": {
							"mode": "raw",
							"raw": "{\r\n    \"membershipId\":\"659303c62b9deda7dc936c7a\"\r\n}",
							"options": {
								"raw": {
									"language": "json"
								}
							}
						},
						"url": {
							"raw": "http://localhost:4000/api/v1/membership/approval",
							"protocol": "http",
							"host": [
								"localhost"
							],
							"port": "4000",
							"path": [
								"api",
								"v1",
								"membership",
								"approval"
							]
						}
					},
					"response": []
				},
				{
					"name": "membership/rejecte(admin) Copy",
					"request": {
						"method": "PUT",
						"header": [],
						"body": {
							"mode": "raw",
							"raw": "{\r\n    \"membershipId\":\"659303c62b9deda7dc936c7a\"\r\n}",
							"options": {
								"raw": {
									"language": "json"
								}
							}
						},
						"url": {
							"raw": "http://localhost:4000/api/v1/membership/approval",
							"protocol": "http",
							"host": [
								"localhost"
							],
							"port": "4000",
							"path": [
								"api",
								"v1",
								"membership",
								"approval"
							]
						}
					},
					"response": []
				},
				{
					"name": "complete membership",
					"request": {
						"method": "PUT",
						"header": [],
						"body": {
							"mode": "raw",
							"raw": "{\r\n    \"membershipId\":\"65926a40e7c0144dfe2af6cf\"\r\n}",
							"options": {
								"raw": {
									"language": "json"
								}
							}
						},
						"url": {
							"raw": "http://localhost:4000/api/v1/membership/complete",
							"protocol": "http",
							"host": [
								"localhost"
							],
							"port": "4000",
							"path": [
								"api",
								"v1",
								"membership",
								"complete"
							]
						}
					},
					"response": []
				},
				{
					"name": "getMemberships (admin)",
					"protocolProfileBehavior": {
						"disableBodyPruning": true
					},
					"request": {
						"method": "GET",
						"header": [],
						"body": {
							"mode": "raw",
							"raw": "{\r\n    \"approvedStatus\":\"Pending\"\r\n}",
							"options": {
								"raw": {
									"language": "json"
								}
							}
						},
						"url": {
							"raw": "http://localhost:4000/api/v1/membership/getMemberships",
							"protocol": "http",
							"host": [
								"localhost"
							],
							"port": "4000",
							"path": [
								"api",
								"v1",
								"membership",
								"getMemberships"
							]
						}
					},
					"response": []
				}
			]
		},
		{
			"name": "product",
			"item": [
				{
					"name": "product create",
					"request": {
						"method": "POST",
						"header": [],
						"body": {
							"mode": "raw",
							"raw": "{\r\n    \"amount\":2000,\r\n    \"duration\":28\r\n}",
							"options": {
								"raw": {
									"language": "json"
								}
							}
						},
						"url": {
							"raw": "http://localhost:4000/api/v1/create",
							"protocol": "http",
							"host": [
								"localhost"
							],
							"port": "4000",
							"path": [
								"api",
								"v1",
								"create"
							]
						}
					},
					"response": []
				},
				{
					"name": "getProducts",
					"protocolProfileBehavior": {
						"disableBodyPruning": true
					},
					"request": {
						"method": "GET",
						"header": [],
						"body": {
							"mode": "raw",
							"raw": "{\r\n    \"amount\":2000,\r\n    \"duration\":28\r\n}",
							"options": {
								"raw": {
									"language": "json"
								}
							}
						},
						"url": {
							"raw": "http://localhost:4000/api/v1/getProducts",
							"protocol": "http",
							"host": [
								"localhost"
							],
							"port": "4000",
							"path": [
								"api",
								"v1",
								"getProducts"
							]
						}
					},
					"response": []
				},
				{
					"name": "update product (admin)",
					"request": {
						"method": "PUT",
						"header": [],
						"body": {
							"mode": "raw",
							"raw": "{\r\n    \"amount\":10000,\r\n    \"duration\":30\r\n}",
							"options": {
								"raw": {
									"language": "json"
								}
							}
						},
						"url": {
							"raw": "http://localhost:4000/api/v1/product/update/6593e2913773a97a48578966",
							"protocol": "http",
							"host": [
								"localhost"
							],
							"port": "4000",
							"path": [
								"api",
								"v1",
								"product",
								"update",
								"6593e2913773a97a48578966"
							]
						}
					},
					"response": []
				},
				{
					"name": "product/delete (admin)",
					"request": {
						"method": "PUT",
						"header": [],
						"body": {
							"mode": "raw",
							"raw": "{\r\n    \"amount\":10000,\r\n    \"duration\":10\r\n}",
							"options": {
								"raw": {
									"language": "json"
								}
							}
						},
						"url": {
							"raw": "http://localhost:4000/api/v1/product/update/?id=659403ffabb143141ec62ea3",
							"protocol": "http",
							"host": [
								"localhost"
							],
							"port": "4000",
							"path": [
								"api",
								"v1",
								"product",
								"update",
								""
							],
							"query": [
								{
									"key": "id",
									"value": "659403ffabb143141ec62ea3"
								}
							]
						}
					},
					"response": []
				}
			]
		},
		{
			"name": "withdrawalls",
			"item": [
				{
					"name": "withdrawal/request",
					"request": {
						"method": "POST",
						"header": [],
						"body": {
							"mode": "raw",
							"raw": "{\r\n    \"amount\":\"65926a40e7c0144dfe2af6cf\"\r\n}",
							"options": {
								"raw": {
									"language": "json"
								}
							}
						},
						"url": {
							"raw": "http://localhost:4000/api/v1/withdrawal/request",
							"protocol": "http",
							"host": [
								"localhost"
							],
							"port": "4000",
							"path": [
								"api",
								"v1",
								"withdrawal",
								"request"
							]
						}
					},
					"response": []
				},
				{
					"name": "withdrawal approval request(admin)",
					"request": {
						"method": "PUT",
						"header": [],
						"body": {
							"mode": "raw",
							"raw": "{\r\n    \"withdrawalId\":\"6592f0784536f20f07d7831a\"\r\n}",
							"options": {
								"raw": {
									"language": "json"
								}
							}
						},
						"url": {
							"raw": "http://localhost:4000/api/v1/withdrawal/approve",
							"protocol": "http",
							"host": [
								"localhost"
							],
							"port": "4000",
							"path": [
								"api",
								"v1",
								"withdrawal",
								"approve"
							]
						}
					},
					"response": []
				},
				{
					"name": "withdrawalRequest/rejecte(admin))",
					"request": {
						"method": "PUT",
						"header": [],
						"body": {
							"mode": "raw",
							"raw": "{\r\n    \"withdrawalId\":\"6592f0784536f20f07d7831a\"\r\n}",
							"options": {
								"raw": {
									"language": "json"
								}
							}
						},
						"url": {
							"raw": "http://localhost:4000/api/v1/withdrawal/approve",
							"protocol": "http",
							"host": [
								"localhost"
							],
							"port": "4000",
							"path": [
								"api",
								"v1",
								"withdrawal",
								"approve"
							]
						}
					},
					"response": []
				},
				{
					"name": "getWithdrawalList(admin)",
					"protocolProfileBehavior": {
						"disableBodyPruning": true
					},
					"request": {
						"method": "GET",
						"header": [],
						"body": {
							"mode": "raw",
							"raw": "{\r\n    \"approvedStatus\":\"Approved\"\r\n}",
							"options": {
								"raw": {
									"language": "json"
								}
							}
						},
						"url": {
							"raw": "http://localhost:4000/api/v1/withdrawal/getWithdrawalList",
							"protocol": "http",
							"host": [
								"localhost"
							],
							"port": "4000",
							"path": [
								"api",
								"v1",
								"withdrawal",
								"getWithdrawalList"
							]
						}
					},
					"response": []
				}
			]
		},
		{
			"name": "Wallets",
			"item": [
				{
					"name": "getuserWallet",
					"request": {
						"method": "GET",
						"header": [],
						"url": {
							"raw": ""
						}
					},
					"response": []
				}
			]
		},
		{
			"name": "TransactionHistory",
			"item": [
				{
					"name": "/user/transactionHistory",
					"request": {
						"method": "GET",
						"header": [],
						"url": {
							"raw": ""
						}
					},
					"response": []
				},
				{
					"name": "found user withdrawalHistory",
					"request": {
						"method": "GET",
						"header": [],
						"url": {
							"raw": "http://localhost:4000/api/v1/found/withdrawalHistory",
							"protocol": "http",
							"host": [
								"localhost"
							],
							"port": "4000",
							"path": [
								"api",
								"v1",
								"found",
								"withdrawalHistory"
							]
						}
					},
					"response": []
				},
				{
					"name": "found user depositsHistory",
					"request": {
						"method": "GET",
						"header": [],
						"url": {
							"raw": "http://localhost:4000/api/v1/found/depositsHistory",
							"protocol": "http",
							"host": [
								"localhost"
							],
							"port": "4000",
							"path": [
								"api",
								"v1",
								"found",
								"depositsHistory"
							]
						}
					},
					"response": []
				}
			]
		},
		{
			"name": "Account Details",
			"item": [
				{
					"name": "add user Account Details",
					"request": {
						"method": "POST",
						"header": [],
						"body": {
							"mode": "raw",
							"raw": "{\r\n    \"name\":\"swami\",\r\n    \"accountNumber\":\"234629878937523\",\r\n    \"ifscCode\":\"HDFC0006740\",\r\n    \"accountType\":\"Savings account\",\r\n    \"bankName\":\"HDFC\",\r\n    \"branch\":\"jaipur\",\r\n    \"phoneNo\":\"9024984537\"\r\n}",
							"options": {
								"raw": {
									"language": "json"
								}
							}
						},
						"url": {
							"raw": "http://localhost:4000/api/v1/Account/Details",
							"protocol": "http",
							"host": [
								"localhost"
							],
							"port": "4000",
							"path": [
								"api",
								"v1",
								"Account",
								"Details"
							]
						}
					},
					"response": []
				},
				{
					"name": "getAccount",
					"protocolProfileBehavior": {
						"disableBodyPruning": true
					},
					"request": {
						"method": "GET",
						"header": [],
						"body": {
							"mode": "raw",
							"raw": "{\r\n    \"name\":\"swami\",\r\n    \"accountNumber\":\"234629878937523\",\r\n    \"ifscCode\":\"HDFC0006740\",\r\n    \"accountType\":\"Savings account\",\r\n    \"bankName\":\"HDFC\",\r\n    \"branch\":\"jaipur\",\r\n    \"phoneNo\":\"9024984537\"\r\n}",
							"options": {
								"raw": {
									"language": "json"
								}
							}
						},
						"url": {
							"raw": "http://localhost:4000/api/v1/getAccount/659982d5c9f60058b1d666ca",
							"protocol": "http",
							"host": [
								"localhost"
							],
							"port": "4000",
							"path": [
								"api",
								"v1",
								"getAccount",
								"659982d5c9f60058b1d666ca"
							]
						}
					},
					"response": []
				},
				{
					"name": "user account update",
					"request": {
						"method": "PUT",
						"header": [],
						"body": {
							"mode": "raw",
							"raw": "{\r\n    \"name\":\"swami\",\r\n    \"accountNumber\":\"23462987873495374\",\r\n    \"ifscCode\":\"HDFC0006740\",\r\n    \"accountType\":\"Savings account\",\r\n    \"bankName\":\"HDFC\",\r\n    \"branch\":\"jaipur\",\r\n    \"phoneNo\":\"9024984538\"\r\n}",
							"options": {
								"raw": {
									"language": "json"
								}
							}
						},
						"url": {
							"raw": "http://localhost:4000/api/v1/account/update/659982d5c9f60058b1d666ca",
							"protocol": "http",
							"host": [
								"localhost"
							],
							"port": "4000",
							"path": [
								"api",
								"v1",
								"account",
								"update",
								"659982d5c9f60058b1d666ca"
							]
						}
					},
					"response": []
				},
				{
					"name": "getAllAccounts (admin)",
					"protocolProfileBehavior": {
						"disableBodyPruning": true
					},
					"request": {
						"method": "GET",
						"header": [],
						"body": {
							"mode": "raw",
							"raw": "{\r\n    \"name\":\"swami\",\r\n    \"accountNumber\":\"23462987873495374\",\r\n    \"ifscCode\":\"HDFC0006740\",\r\n    \"accountType\":\"Savings account\",\r\n    \"bankName\":\"HDFC\",\r\n    \"branch\":\"jaipur\",\r\n    \"phoneNo\":\"9024984538\"\r\n}",
							"options": {
								"raw": {
									"language": "json"
								}
							}
						},
						"url": {
							"raw": "http://localhost:4000/api/v1/getAllAccounts/659982d5c9f60058b1d666ca",
							"protocol": "http",
							"host": [
								"localhost"
							],
							"port": "4000",
							"path": [
								"api",
								"v1",
								"getAllAccounts",
								"659982d5c9f60058b1d666ca"
							]
						}
					},
					"response": []
				}
			]
		}
	]
}